date,year,satellite,area_ha,uncertainty_ha,meters_per_pixel,incidence_angle_deg,oblique
1986-08-06,1986,swh-spot1-4-l1a,12.01,1.28,10,3.9,false
1989-07-28,1989,swh-spot1-4-l1a,15.93,1.55,10,-0.7,false
1990-09-04,1990,swh-spot1-4-l1a,16.14,1.55,10,-1.9,false
1991-09-29,1991,swh-spot1-4-l1a,15.51,1.52,10,-1.6,false
1992-09-06,1992,swh-spot1-4-l1a,19.23,1.65,10,4.3,false
1994-08-17,1994,swh-spot1-4-l1a,19.58,1.67,10,8.3,false
1997-08-26,1997,swh-spot1-4-l1a,21.71,1.77,10,-2.9,false
1999-07-02,1999,swh-spot1-4-l1a,21.9,1.78,10,-14.1,false
2000-07-26,2000,swh-spot1-4-l1a,21.66,1.78,10,-14.5,false
2002-08-19,2002,swh-spot1-4-l1a,22.3,1.83,10,-15.2,true
2003-09-06,2003,swh-spot5-l1a,22.89,0.92,5,-1.5,false
2004-06-18,2004,swh-spot5-l1a,22.04,0.95,5,-1.7,false
2005-09-23,2005,swh-spot5-l1a,21.87,0.92,5,24,true
2006-08-12,2006,swh-spot5-l1a,20.55,0.88,5,6.3,false
2007-08-01,2007,swh-spot5-l1a,23.72,0.99,5,-10.2,false
2010-07-12,2010,swh-spot5-l1a,23.93,0.98,5,6,false
2011-07-11,2011,swh-spot5-l1a,24.2,1,5,5.9,false
2012-06-28,2012,swh-spot5-l1a,25.73,1.02,5,23.7,true
2013-06-02,2013,swh-spot5-l1a,26.67,1.01,5,-6.2,false
2014-08-22,2014,swh-spot5-l1a,26.63,1.01,5,30.1,true
2016-08-25,2016,sentinel-2-l2a,27.76,2,10,,false
2017-09-09,2017,sentinel-2-l2a,26.93,1.98,10,,false
2018-09-14,2018,sentinel-2-l2a,27.74,2.02,10,,false
2019-09-24,2019,sentinel-2-l2a,24.69,1.89,10,,false
2020-09-18,2020,sentinel-2-l2a,25.01,1.9,10,,false
2021-09-28,2021,sentinel-2-l2a,26.64,1.95,10,,false
2022-09-28,2022,sentinel-2-l2a,28.02,2.01,10,,false
2023-08-14,2023,sentinel-2-l2a,27.29,2,10,,false
2024-09-02,2024,sentinel-2-l2a,28.77,2.05,10,,false
2025-08-18,2025,sentinel-2-l2a,31.17,2.23,10,,false
2026-08-23,2026,sentinel-2-l2a,32.84,2.37,10,,false
