date,satellite,product,scene_id,scene_cloud_cover_pct,incidence_angle_deg,shift_east_m,shift_north_m,match_distinctness,meters_per_pixel,width_px,height_px,image,image_url
1986-08-06,swh-spot1-4-l1a,panchromatic,002-004_S1_133-269-0_1986-08-06-08-04-04_HRV-1_P_E2_TT,8,3.9,260,260,2.44,10,153,167,data/frames/swh-spot1-4-l1a-panchromatic/1986-08-06.png,https://assets.yfp.am/topics/waste/spot1-4/1986-08-06.png
1989-07-28,swh-spot1-4-l1a,panchromatic,004-006_S1_133-269-0_1989-07-28-07-59-34_HRV-2_P_E2_TT,19,-0.7,-100,300,2.58,10,153,167,data/frames/swh-spot1-4-l1a-panchromatic/1989-07-28.png,https://assets.yfp.am/topics/waste/spot1-4/1989-07-28.png
1990-09-04,swh-spot1-4-l1a,panchromatic,004-007_S2_133-269-0_1990-09-04-08-00-26_HRV-2_P_E2_TT,5,-1.9,-260,40,2.97,10,153,167,data/frames/swh-spot1-4-l1a-panchromatic/1990-09-04.png,https://assets.yfp.am/topics/waste/spot1-4/1990-09-04.png
1991-09-29,swh-spot1-4-l1a,panchromatic,002-015_S2_133-269-0_1991-09-29-08-00-51_HRV-1_P_E1_TT,1,-1.6,-280,-50,3.15,10,153,167,data/frames/swh-spot1-4-l1a-panchromatic/1991-09-29.png,https://assets.yfp.am/topics/waste/spot1-4/1991-09-29.png
1992-09-06,swh-spot1-4-l1a,panchromatic,002-012_S2_133-269-0_1992-09-06-08-05-37_HRV-2_P_E1_KK,0,4.3,50,-70,3.38,10,153,167,data/frames/swh-spot1-4-l1a-panchromatic/1992-09-06.png,https://assets.yfp.am/topics/waste/spot1-4/1992-09-06.png
1994-08-17,swh-spot1-4-l1a,panchromatic,004-004_S3_132-269-5_1994-08-17-08-07-31_HRV-2_P_E2_TT,8,8.3,690,100,2.85,10,153,167,data/frames/swh-spot1-4-l1a-panchromatic/1994-08-17.png,https://assets.yfp.am/topics/waste/spot1-4/1994-08-17.png
1997-08-26,swh-spot1-4-l1a,panchromatic,006-007_S2_133-269-0_1997-08-26-07-59-56_HRV-1_P_DT_BB,0,-2.9,-300,-280,3.56,10,153,167,data/frames/swh-spot1-4-l1a-panchromatic/1997-08-26.png,https://assets.yfp.am/topics/waste/spot1-4/1997-08-26.png
1999-07-02,swh-spot1-4-l1a,panchromatic,006-010_S4_133-269-0_1999-07-02-07-51-32_HRVIR-2_M_MX_KK,11,-14.1,-260,60,2.46,10,153,167,data/frames/swh-spot1-4-l1a-panchromatic/1999-07-02.png,https://assets.yfp.am/topics/waste/spot1-4/1999-07-02.png
2000-07-26,swh-spot1-4-l1a,panchromatic,004-008_S4_133-269-0_2000-07-26-07-52-49_HRVIR-1_M_E1_KK,1,-14.5,-360,-20,2.62,10,153,167,data/frames/swh-spot1-4-l1a-panchromatic/2000-07-26.png,https://assets.yfp.am/topics/waste/spot1-4/2000-07-26.png
2002-08-19,swh-spot1-4-l1a,panchromatic,003-003_S4_133-269-0_2002-08-19-07-51-20_HRVIR-1_M_MX_TT,2,-15.2,-380,80,2.86,10,153,167,data/frames/swh-spot1-4-l1a-panchromatic/2002-08-19.png,https://assets.yfp.am/topics/waste/spot1-4/2002-08-19.png
2003-09-06,swh-spot5-l1a,panchromatic,001-004_S5_133-269-7_2003-09-06-08-01-22_HRG-2_A_MX_TT,4,-1.5,-60,-40,3.59,5,306,334,data/frames/swh-spot5-l1a-panchromatic/2003-09-06.png,https://assets.yfp.am/topics/waste/spot/2003-09-06.png
2004-06-18,swh-spot5-l1a,panchromatic,001-004_S5_133-269-6_2004-06-18-08-00-38_HRG-1_A_MX_KK,9,-1.7,-70,-60,3.19,5,306,334,data/frames/swh-spot5-l1a-panchromatic/2004-06-18.png,https://assets.yfp.am/topics/waste/spot/2004-06-18.png
2005-09-23,swh-spot5-l1a,panchromatic,001-003_S5_133-269-9_2005-09-23-08-12-50_HRG-2_A_MX_KK,2,24,750,-290,2.93,5,306,334,data/frames/swh-spot5-l1a-panchromatic/2005-09-23.png,https://assets.yfp.am/topics/waste/spot/2005-09-23.png
2006-08-12,swh-spot5-l1a,panchromatic,001-008_S5_134-269-9_2006-08-12-08-00-57_HRG-2_A_MX_KK,0,6.3,120,-50,3.7,5,306,334,data/frames/swh-spot5-l1a-panchromatic/2006-08-12.png,https://assets.yfp.am/topics/waste/spot/2006-08-12.png
2007-08-01,swh-spot5-l1a,panchromatic,003-003_S5_132-269-3_2007-08-01-07-50-25_HRG-2_A_MX_KK,2,-10.2,-160,20,4.27,5,306,334,data/frames/swh-spot5-l1a-panchromatic/2007-08-01.png,https://assets.yfp.am/topics/waste/spot/2007-08-01.png
2010-07-12,swh-spot5-l1a,panchromatic,004-004_S5_133-269-3_2010-07-12-08-01-47_HRG-2_A_MX_KK,2,6,150,-70,3.81,5,306,334,data/frames/swh-spot5-l1a-panchromatic/2010-07-12.png,https://assets.yfp.am/topics/waste/spot/2010-07-12.png
2011-07-11,swh-spot5-l1a,panchromatic,001-008_S5_133-269-8_2011-07-11-08-00-21_HRG-2_A_MX_TT,37,5.9,150,-90,4.79,5,306,334,data/frames/swh-spot5-l1a-panchromatic/2011-07-11.png,https://assets.yfp.am/topics/waste/spot/2011-07-11.png
2012-06-28,swh-spot5-l1a,panchromatic,001-003_S5_133-269-8_2012-06-28-08-04-30_HRG-1_A_DT_56,29,23.7,870,-350,4.45,5,306,334,data/frames/swh-spot5-l1a-panchromatic/2012-06-28.png,https://assets.yfp.am/topics/waste/spot/2012-06-28.png
2013-06-02,swh-spot5-l1a,panchromatic,001-003_S5_133-269-8_2013-06-02-07-32-12_HRG-2_A_MX_TT,13,-6.2,-230,10,4.02,5,306,334,data/frames/swh-spot5-l1a-panchromatic/2013-06-02.png,https://assets.yfp.am/topics/waste/spot/2013-06-02.png
2014-08-22,swh-spot5-l1a,panchromatic,001-006_S5_134-269-8_2014-08-22-07-28-25_HRG-2_A_DT_56,1,30.1,860,-300,3.67,5,306,334,data/frames/swh-spot5-l1a-panchromatic/2014-08-22.png,https://assets.yfp.am/topics/waste/spot/2014-08-22.png
2016-08-25,sentinel-2-l2a,shortwaveInfrared,S2A_MSIL2A_20160825T074612_N0500_R135_T38TMK_20231027T004228.SAFE,0.62,,,,,10,153,167,data/frames/sentinel-2-l2a-shortwave-infrared/2016-08-25.png,https://assets.yfp.am/topics/waste/sentinel-swir/2016-08-25.png
2016-08-25,sentinel-2-l2a,trueColor,S2A_MSIL2A_20160825T074612_N0500_R135_T38TMK_20231027T004228.SAFE,0.62,,,,,10,153,167,data/frames/sentinel-2-l2a-true-color/2016-08-25.png,https://assets.yfp.am/topics/waste/sentinel/2016-08-25.png
2017-09-09,sentinel-2-l2a,shortwaveInfrared,S2A_MSIL2A_20170909T074941_N0500_R135_T38TMK_20230928T094355.SAFE,0,,,,,10,153,167,data/frames/sentinel-2-l2a-shortwave-infrared/2017-09-09.png,https://assets.yfp.am/topics/waste/sentinel-swir/2017-09-09.png
2017-09-09,sentinel-2-l2a,trueColor,S2A_MSIL2A_20170909T074941_N0500_R135_T38TMK_20230928T094355.SAFE,0,,,,,10,153,167,data/frames/sentinel-2-l2a-true-color/2017-09-09.png,https://assets.yfp.am/topics/waste/sentinel/2017-09-09.png
2018-09-14,sentinel-2-l2a,shortwaveInfrared,S2A_MSIL2A_20180914T074611_N0500_R135_T38TMK_20230803T184956.SAFE,0.03,,,,,10,153,167,data/frames/sentinel-2-l2a-shortwave-infrared/2018-09-14.png,https://assets.yfp.am/topics/waste/sentinel-swir/2018-09-14.png
2018-09-14,sentinel-2-l2a,trueColor,S2A_MSIL2A_20180914T074611_N0500_R135_T38TMK_20230803T184956.SAFE,0.03,,,,,10,153,167,data/frames/sentinel-2-l2a-true-color/2018-09-14.png,https://assets.yfp.am/topics/waste/sentinel/2018-09-14.png
2019-09-24,sentinel-2-l2a,shortwaveInfrared,S2B_MSIL2A_20190924T074639_N0500_R135_T38TMK_20230702T054357.SAFE,0.01,,,,,10,153,167,data/frames/sentinel-2-l2a-shortwave-infrared/2019-09-24.png,https://assets.yfp.am/topics/waste/sentinel-swir/2019-09-24.png
2019-09-24,sentinel-2-l2a,trueColor,S2B_MSIL2A_20190924T074639_N0500_R135_T38TMK_20230702T054357.SAFE,0.01,,,,,10,153,167,data/frames/sentinel-2-l2a-true-color/2019-09-24.png,https://assets.yfp.am/topics/waste/sentinel/2019-09-24.png
2020-09-18,sentinel-2-l2a,shortwaveInfrared,S2B_MSIL2A_20200918T074619_N0500_R135_T38TMK_20230417T083536.SAFE,0.45,,,,,10,153,167,data/frames/sentinel-2-l2a-shortwave-infrared/2020-09-18.png,https://assets.yfp.am/topics/waste/sentinel-swir/2020-09-18.png
2020-09-18,sentinel-2-l2a,trueColor,S2B_MSIL2A_20200918T074619_N0500_R135_T38TMK_20230417T083536.SAFE,0.45,,,,,10,153,167,data/frames/sentinel-2-l2a-true-color/2020-09-18.png,https://assets.yfp.am/topics/waste/sentinel/2020-09-18.png
2021-09-28,sentinel-2-l2a,shortwaveInfrared,S2A_MSIL2A_20210928T074711_N0500_R135_T38TMK_20230125T201443.SAFE,0.93,,,,,10,153,167,data/frames/sentinel-2-l2a-shortwave-infrared/2021-09-28.png,https://assets.yfp.am/topics/waste/sentinel-swir/2021-09-28.png
2021-09-28,sentinel-2-l2a,trueColor,S2A_MSIL2A_20210928T074711_N0500_R135_T38TMK_20230125T201443.SAFE,0.93,,,,,10,153,167,data/frames/sentinel-2-l2a-true-color/2021-09-28.png,https://assets.yfp.am/topics/waste/sentinel/2021-09-28.png
2022-09-28,sentinel-2-l2a,shortwaveInfrared,S2B_MSIL2A_20220928T074709_N0510_R135_T38TMK_20240730T204143.SAFE,0,,,,,10,153,167,data/frames/sentinel-2-l2a-shortwave-infrared/2022-09-28.png,https://assets.yfp.am/topics/waste/sentinel-swir/2022-09-28.png
2022-09-28,sentinel-2-l2a,trueColor,S2B_MSIL2A_20220928T074709_N0510_R135_T38TMK_20240730T204143.SAFE,0,,,,,10,153,167,data/frames/sentinel-2-l2a-true-color/2022-09-28.png,https://assets.yfp.am/topics/waste/sentinel/2022-09-28.png
2023-08-14,sentinel-2-l2a,shortwaveInfrared,S2B_MSIL2A_20230814T074619_N0510_R135_T38TMK_20241027T205802.SAFE,0.05,,,,,10,153,167,data/frames/sentinel-2-l2a-shortwave-infrared/2023-08-14.png,https://assets.yfp.am/topics/waste/sentinel-swir/2023-08-14.png
2023-08-14,sentinel-2-l2a,trueColor,S2B_MSIL2A_20230814T074619_N0510_R135_T38TMK_20241027T205802.SAFE,0.05,,,,,10,153,167,data/frames/sentinel-2-l2a-true-color/2023-08-14.png,https://assets.yfp.am/topics/waste/sentinel/2023-08-14.png
2024-09-02,sentinel-2-l2a,shortwaveInfrared,S2A_MSIL2A_20240902T074611_N0511_R135_T38TMK_20240902T131750.SAFE,0,,,,,10,153,167,data/frames/sentinel-2-l2a-shortwave-infrared/2024-09-02.png,https://assets.yfp.am/topics/waste/sentinel-swir/2024-09-02.png
2024-09-02,sentinel-2-l2a,trueColor,S2A_MSIL2A_20240902T074611_N0511_R135_T38TMK_20240902T131750.SAFE,0,,,,,10,153,167,data/frames/sentinel-2-l2a-true-color/2024-09-02.png,https://assets.yfp.am/topics/waste/sentinel/2024-09-02.png
2025-08-18,sentinel-2-l2a,shortwaveInfrared,S2C_MSIL2A_20250818T074631_N0511_R135_T38TMK_20250818T112323.SAFE,0.01,,,,,10,153,167,data/frames/sentinel-2-l2a-shortwave-infrared/2025-08-18.png,https://assets.yfp.am/topics/waste/sentinel-swir/2025-08-18.png
2025-08-18,sentinel-2-l2a,trueColor,S2C_MSIL2A_20250818T074631_N0511_R135_T38TMK_20250818T112323.SAFE,0.01,,,,,10,153,167,data/frames/sentinel-2-l2a-true-color/2025-08-18.png,https://assets.yfp.am/topics/waste/sentinel/2025-08-18.png
2026-08-23,sentinel-2-l2a,shortwaveInfrared,S2C_MSIL2A_20260823T074611_N0512_R135_T38TMK_20260823T105002.SAFE,0,,,,,10,153,167,data/frames/sentinel-2-l2a-shortwave-infrared/2026-08-23.png,https://assets.yfp.am/topics/waste/sentinel-swir/2026-08-23.png
2026-08-23,sentinel-2-l2a,trueColor,S2C_MSIL2A_20260823T074611_N0512_R135_T38TMK_20260823T105002.SAFE,0,,,,,10,153,167,data/frames/sentinel-2-l2a-true-color/2026-08-23.png,https://assets.yfp.am/topics/waste/sentinel/2026-08-23.png
